weights,atom2Lambda,female,male,
atom2,0,0.0667271870695636,0.3617350092524916,
finalKappa,0.5,0,0,
